Enrollment Number,Timestamp
22162122002,2024-11-21 10:39:04.755081
22162122002,2024-11-21 10:40:20.070655
22162122002,2024-11-21 10:40:20.070655
22162122002,2024-11-21 10:40:20.070655
22162122002,2024-11-21 10:44:05.293224
22162122002,2024-11-21 10:44:05.293224
22162122002,2024-11-21 10:44:05.293224
22162122002,2024-11-21 10:44:57.086288
22162122002,2024-11-21 10:47:02.205460
22162122002,2024-11-21 10:47:02.205460
22162122002,2024-11-21 10:47:02.205460
22162122002,2024-11-21 10:48:00.966246
22162122002,2024-11-21 10:48:00.966246
22162122002,2024-11-21 10:48:00.966246
